what,kind,bundleId,bundleVersion,description,time
activated,view,org.eclipse.jdt.ui,3.7.0.v20110531-1200,"org.eclipse.jdt.ui.PackageExplorer",1320536387702
opened,editor,org.eclipse.jdt.ui,3.7.0.v20110531-1200,"org.eclipse.jdt.ui.CompilationUnitEditor",1320536390410
activated,editor,org.eclipse.jdt.ui,3.7.0.v20110531-1200,"org.eclipse.jdt.ui.CompilationUnitEditor",1320536390538
activated,view,org.eclipse.jdt.ui,3.7.0.v20110531-1200,"org.eclipse.jdt.ui.PackageExplorer",1320536392150
activated,editor,org.eclipse.jdt.ui,3.7.0.v20110531-1200,"org.eclipse.jdt.ui.CompilationUnitEditor",1320536392562
activated,view,org.eclipse.jdt.ui,3.7.0.v20110531-1200,"org.eclipse.jdt.ui.PackageExplorer",1320536393745
opened,editor,org.eclipse.jdt.ui,3.7.0.v20110531-1200,"org.eclipse.jdt.ui.CompilationUnitEditor",1320536393985
activated,editor,org.eclipse.jdt.ui,3.7.0.v20110531-1200,"org.eclipse.jdt.ui.CompilationUnitEditor",1320536394097
deactivated,workbench,org.eclipse.ui.workbench,3.7.0.I20110519-0100,"",1320536401616
activated,workbench,org.eclipse.ui.workbench,3.7.0.I20110519-0100,"",1320536406690
activated,view,org.eclipse.jdt.ui,3.7.0.v20110531-1200,"org.eclipse.jdt.ui.PackageExplorer",1320536408029
opened,editor,org.eclipse.jdt.ui,3.7.0.v20110531-1200,"org.eclipse.jdt.ui.CompilationUnitEditor",1320536408266
activated,editor,org.eclipse.jdt.ui,3.7.0.v20110531-1200,"org.eclipse.jdt.ui.CompilationUnitEditor",1320536408379
activated,view,org.eclipse.jdt.ui,3.7.0.v20110531-1200,"org.eclipse.jdt.ui.PackageExplorer",1320536409493
started,bundle,org.eclipse.debug.ui,3.7.0.v20110518,"org.eclipse.debug.ui",1320536414054
started,bundle,org.eclipse.jdt.debug,3.7.1.v20110802_r371,"org.eclipse.jdt.debug",1320536415632
started,bundle,org.eclipse.jdt.debug.ui,3.6.0.v20110512,"org.eclipse.jdt.debug.ui",1320536415745
executed,command,org.eclipse.jdt.debug.ui,3.6.0.v20110512,"org.eclipse.jdt.debug.ui.localJavaShortcut.run",1320536416327
opened,view,org.eclipse.ui.console,3.5.100.v20110511,"org.eclipse.ui.console.ConsoleView",1320536416934
activated,view,org.eclipse.ui.console,3.5.100.v20110511,"org.eclipse.ui.console.ConsoleView",1320536421282
activated,editor,org.eclipse.jdt.ui,3.7.0.v20110531-1200,"org.eclipse.jdt.ui.CompilationUnitEditor",1320536422643
deactivated,workbench,org.eclipse.ui.workbench,3.7.0.I20110519-0100,"",1320536430417
activated,workbench,org.eclipse.ui.workbench,3.7.0.I20110519-0100,"",1320536430587
activated,editor,org.eclipse.jdt.ui,3.7.0.v20110531-1200,"org.eclipse.jdt.ui.CompilationUnitEditor",1320536430694
activated,editor,org.eclipse.jdt.ui,3.7.0.v20110531-1200,"org.eclipse.jdt.ui.CompilationUnitEditor",1320536432197
closed,editor,org.eclipse.jdt.ui,3.7.0.v20110531-1200,"org.eclipse.jdt.ui.CompilationUnitEditor",1320536432197
activated,view,org.eclipse.jdt.ui,3.7.0.v20110531-1200,"org.eclipse.jdt.ui.PackageExplorer",1320536434234
activated,editor,org.eclipse.jdt.ui,3.7.0.v20110531-1200,"org.eclipse.jdt.ui.CompilationUnitEditor",1320536434652
deactivated,workbench,org.eclipse.ui.workbench,3.7.0.I20110519-0100,"",1320536436256
activated,workbench,org.eclipse.ui.workbench,3.7.0.I20110519-0100,"",1320536441411
activated,view,org.eclipse.jdt.ui,3.7.0.v20110531-1200,"org.eclipse.jdt.ui.PackageExplorer",1320536443023
activated,editor,org.eclipse.jdt.ui,3.7.0.v20110531-1200,"org.eclipse.jdt.ui.CompilationUnitEditor",1320536445104
activated,view,org.eclipse.jdt.ui,3.7.0.v20110531-1200,"org.eclipse.jdt.ui.PackageExplorer",1320536451447
opened,editor,org.eclipse.jdt.ui,3.7.0.v20110531-1200,"org.eclipse.jdt.ui.CompilationUnitEditor",1320536459707
activated,editor,org.eclipse.jdt.ui,3.7.0.v20110531-1200,"org.eclipse.jdt.ui.CompilationUnitEditor",1320536459819
activated,view,org.eclipse.jdt.ui,3.7.0.v20110531-1200,"org.eclipse.jdt.ui.PackageExplorer",1320536461622
activated,editor,org.eclipse.jdt.ui,3.7.0.v20110531-1200,"org.eclipse.jdt.ui.CompilationUnitEditor",1320536461860
activated,view,org.eclipse.jdt.ui,3.7.0.v20110531-1200,"org.eclipse.jdt.ui.PackageExplorer",1320536468533
activated,editor,org.eclipse.jdt.ui,3.7.0.v20110531-1200,"org.eclipse.jdt.ui.CompilationUnitEditor",1320536468779
activated,view,org.eclipse.jdt.ui,3.7.0.v20110531-1200,"org.eclipse.jdt.ui.PackageExplorer",1320536470871
activated,editor,org.eclipse.jdt.ui,3.7.0.v20110531-1200,"org.eclipse.jdt.ui.CompilationUnitEditor",1320536471231
activated,view,org.eclipse.jdt.ui,3.7.0.v20110531-1200,"org.eclipse.jdt.ui.PackageExplorer",1320536475229
activated,editor,org.eclipse.jdt.ui,3.7.0.v20110531-1200,"org.eclipse.jdt.ui.CompilationUnitEditor",1320536475610
activated,view,org.eclipse.jdt.ui,3.7.0.v20110531-1200,"org.eclipse.jdt.ui.PackageExplorer",1320536476869
activated,editor,org.eclipse.jdt.ui,3.7.0.v20110531-1200,"org.eclipse.jdt.ui.CompilationUnitEditor",1320536477178
activated,view,org.eclipse.jdt.ui,3.7.0.v20110531-1200,"org.eclipse.jdt.ui.PackageExplorer",1320536484945
activated,editor,org.eclipse.jdt.ui,3.7.0.v20110531-1200,"org.eclipse.jdt.ui.CompilationUnitEditor",1320536485491
activated,view,org.eclipse.jdt.ui,3.7.0.v20110531-1200,"org.eclipse.jdt.ui.PackageExplorer",1320536489908
activated,editor,org.eclipse.jdt.ui,3.7.0.v20110531-1200,"org.eclipse.jdt.ui.CompilationUnitEditor",1320536490243
activated,view,org.eclipse.jdt.ui,3.7.0.v20110531-1200,"org.eclipse.jdt.ui.PackageExplorer",1320536496164
activated,editor,org.eclipse.jdt.ui,3.7.0.v20110531-1200,"org.eclipse.jdt.ui.CompilationUnitEditor",1320536496480
activated,view,org.eclipse.jdt.ui,3.7.0.v20110531-1200,"org.eclipse.jdt.ui.PackageExplorer",1320536501028
activated,editor,org.eclipse.jdt.ui,3.7.0.v20110531-1200,"org.eclipse.jdt.ui.CompilationUnitEditor",1320536511020
activated,view,org.eclipse.jdt.ui,3.7.0.v20110531-1200,"org.eclipse.jdt.ui.PackageExplorer",1320536513266
activated,editor,org.eclipse.jdt.ui,3.7.0.v20110531-1200,"org.eclipse.jdt.ui.CompilationUnitEditor",1320536513499
activated,view,org.eclipse.jdt.ui,3.7.0.v20110531-1200,"org.eclipse.jdt.ui.PackageExplorer",1320536515100
activated,editor,org.eclipse.jdt.ui,3.7.0.v20110531-1200,"org.eclipse.jdt.ui.CompilationUnitEditor",1320536515565
activated,view,org.eclipse.jdt.ui,3.7.0.v20110531-1200,"org.eclipse.jdt.ui.PackageExplorer",1320536520254
activated,editor,org.eclipse.jdt.ui,3.7.0.v20110531-1200,"org.eclipse.jdt.ui.CompilationUnitEditor",1320536520682
activated,view,org.eclipse.jdt.ui,3.7.0.v20110531-1200,"org.eclipse.jdt.ui.PackageExplorer",1320536521620
executed,command,org.eclipse.ui,3.7.0.I20110602-0100,"org.eclipse.ui.edit.copy",1320536523218
started,bundle,org.eclipse.wst.jsdt.manipulation,1.0.300.v201104272153,"org.eclipse.wst.jsdt.manipulation",1320536524193
started,bundle,org.eclipse.wst.jsdt.core,1.1.100.v201104272153,"org.eclipse.wst.jsdt.core",1320536524513
started,bundle,org.eclipse.wst.jsdt.ui,1.1.100.v201105041953,"org.eclipse.wst.jsdt.ui",1320536524658
started,bundle,org.testng.eclipse,6.3.0.20111017_2337,"org.testng.eclipse",1320536524858
deactivated,workbench,org.eclipse.ui.workbench,3.7.0.I20110519-0100,"",1320536524860
activated,workbench,org.eclipse.ui.workbench,3.7.0.I20110519-0100,"",1320536530082
executed,command,org.eclipse.ui,3.7.0.I20110602-0100,"org.eclipse.ui.edit.paste",1320536530310
activated,editor,org.eclipse.jdt.ui,3.7.0.v20110531-1200,"org.eclipse.jdt.ui.CompilationUnitEditor",1320536532547
deactivated,workbench,org.eclipse.ui.workbench,3.7.0.I20110519-0100,"",1320536534408
activated,workbench,org.eclipse.ui.workbench,3.7.0.I20110519-0100,"",1320536572413
deactivated,workbench,org.eclipse.ui.workbench,3.7.0.I20110519-0100,"",1320536574953
activated,workbench,org.eclipse.ui.workbench,3.7.0.I20110519-0100,"",1320539566719
deactivated,workbench,org.eclipse.ui.workbench,3.7.0.I20110519-0100,"",1320539568224
activated,workbench,org.eclipse.ui.workbench,3.7.0.I20110519-0100,"",1320541772999
deactivated,workbench,org.eclipse.ui.workbench,3.7.0.I20110519-0100,"",1320541776185
activated,workbench,org.eclipse.ui.workbench,3.7.0.I20110519-0100,"",1320542253604
activated,view,org.eclipse.jdt.ui,3.7.0.v20110531-1200,"org.eclipse.jdt.ui.PackageExplorer",1320542260822
activated,editor,org.eclipse.jdt.ui,3.7.0.v20110531-1200,"org.eclipse.jdt.ui.CompilationUnitEditor",1320542261130
activated,view,org.eclipse.jdt.ui,3.7.0.v20110531-1200,"org.eclipse.jdt.ui.PackageExplorer",1320542270908
activated,editor,org.eclipse.jdt.ui,3.7.0.v20110531-1200,"org.eclipse.jdt.ui.CompilationUnitEditor",1320542271236
activated,view,org.eclipse.jdt.ui,3.7.0.v20110531-1200,"org.eclipse.jdt.ui.PackageExplorer",1320542299622
activated,editor,org.eclipse.jdt.ui,3.7.0.v20110531-1200,"org.eclipse.jdt.ui.CompilationUnitEditor",1320542341989
activated,view,org.eclipse.jdt.ui,3.7.0.v20110531-1200,"org.eclipse.jdt.ui.PackageExplorer",1320542343108
activated,editor,org.eclipse.jdt.ui,3.7.0.v20110531-1200,"org.eclipse.jdt.ui.CompilationUnitEditor",1320542344608
activated,view,org.eclipse.jdt.ui,3.7.0.v20110531-1200,"org.eclipse.jdt.ui.PackageExplorer",1320542347333
activated,editor,org.eclipse.jdt.ui,3.7.0.v20110531-1200,"org.eclipse.jdt.ui.CompilationUnitEditor",1320542348466
executed,command,org.eclipse.ui.workbench.texteditor,3.7.0.v20110505-0800,"org.eclipse.ui.edit.text.showInformation",1320542352718
activated,view,org.eclipse.jdt.ui,3.7.0.v20110531-1200,"org.eclipse.jdt.ui.PackageExplorer",1320542353709
deactivated,workbench,org.eclipse.ui.workbench,3.7.0.I20110519-0100,"",1320542354758
started,bundle,org.eclipse.jst.jsp.ui,1.1.600.v201105092017,"org.eclipse.jst.jsp.ui",1320542357838
started,bundle,org.eclipse.wst.jsdt.debug.rhino.ui,1.0.0.v201103232243,"org.eclipse.wst.jsdt.debug.rhino.ui",1320542357873
started,bundle,org.eclipse.wst.sse.core,1.1.600.v201105162116,"org.eclipse.wst.sse.core",1320542358076
started,bundle,org.eclipse.jst.jsp.core,1.2.400.v201105162116,"org.eclipse.jst.jsp.core",1320542358155
activated,workbench,org.eclipse.ui.workbench,3.7.0.I20110519-0100,"",1320542358659
executed,command,org.eclipse.ui,3.7.0.I20110602-0100,"org.eclipse.ui.edit.rename",1320542358670
deactivated,workbench,org.eclipse.ui.workbench,3.7.0.I20110519-0100,"",1320542359827
activated,workbench,org.eclipse.ui.workbench,3.7.0.I20110519-0100,"",1320542383295
executed,command,org.eclipse.ui,3.7.0.I20110602-0100,"org.eclipse.ui.edit.rename",1320542383303
activated,editor,org.eclipse.jdt.ui,3.7.0.v20110531-1200,"org.eclipse.jdt.ui.CompilationUnitEditor",1320542385791
executed,command,org.eclipse.jdt.ui,3.7.0.v20110531-1200,"org.eclipse.jdt.ui.edit.text.java.rename.element",1320542386856
executed,command,org.eclipse.ui.workbench.texteditor,3.7.0.v20110505-0800,"org.eclipse.ui.edit.text.select.wordNext",1320542388098
executed,command,org.eclipse.ui.workbench.texteditor,3.7.0.v20110505-0800,"org.eclipse.ui.edit.text.select.wordNext",1320542388364
activated,view,org.eclipse.jdt.ui,3.7.0.v20110531-1200,"org.eclipse.jdt.ui.PackageExplorer",1320542392570
activated,editor,org.eclipse.jdt.ui,3.7.0.v20110531-1200,"org.eclipse.jdt.ui.CompilationUnitEditor",1320542393017
activated,view,org.eclipse.jdt.ui,3.7.0.v20110531-1200,"org.eclipse.jdt.ui.PackageExplorer",1320542394147
activated,editor,org.eclipse.jdt.ui,3.7.0.v20110531-1200,"org.eclipse.jdt.ui.CompilationUnitEditor",1320542394555
activated,view,org.eclipse.jdt.ui,3.7.0.v20110531-1200,"org.eclipse.jdt.ui.PackageExplorer",1320542395969
activated,editor,org.eclipse.jdt.ui,3.7.0.v20110531-1200,"org.eclipse.jdt.ui.CompilationUnitEditor",1320542399691
activated,view,org.eclipse.jdt.ui,3.7.0.v20110531-1200,"org.eclipse.jdt.ui.PackageExplorer",1320542400788
deactivated,workbench,org.eclipse.ui.workbench,3.7.0.I20110519-0100,"",1320542401036
activated,workbench,org.eclipse.ui.workbench,3.7.0.I20110519-0100,"",1320542405404
executed,command,org.eclipse.ui,3.7.0.I20110602-0100,"org.eclipse.ui.edit.rename",1320542405411
deactivated,workbench,org.eclipse.ui.workbench,3.7.0.I20110519-0100,"",1320542406521
activated,workbench,org.eclipse.ui.workbench,3.7.0.I20110519-0100,"",1320542411166
executed,command,org.eclipse.ui,3.7.0.I20110602-0100,"org.eclipse.ui.edit.rename",1320542411176
deactivated,workbench,org.eclipse.ui.workbench,3.7.0.I20110519-0100,"",1320542412813
activated,workbench,org.eclipse.ui.workbench,3.7.0.I20110519-0100,"",1320542417846
executed,command,org.eclipse.ui,3.7.0.I20110602-0100,"org.eclipse.ui.edit.rename",1320542417855
activated,editor,org.eclipse.jdt.ui,3.7.0.v20110531-1200,"org.eclipse.jdt.ui.CompilationUnitEditor",1320542421737
activated,view,org.eclipse.jdt.ui,3.7.0.v20110531-1200,"org.eclipse.jdt.ui.PackageExplorer",1320542422931
executed,command,org.eclipse.ui,3.7.0.I20110602-0100,"org.eclipse.ui.edit.copy",1320542424053
deactivated,workbench,org.eclipse.ui.workbench,3.7.0.I20110519-0100,"",1320542426464
activated,workbench,org.eclipse.ui.workbench,3.7.0.I20110519-0100,"",1320542460330
executed,command,org.eclipse.ui,3.7.0.I20110602-0100,"org.eclipse.ui.edit.paste",1320542460341
deactivated,workbench,org.eclipse.ui.workbench,3.7.0.I20110519-0100,"",1320542462482
activated,workbench,org.eclipse.ui.workbench,3.7.0.I20110519-0100,"",1320542474644
executed,command,org.eclipse.ui,3.7.0.I20110602-0100,"org.eclipse.ui.edit.rename",1320542474653
executed,command,org.eclipse.ui,3.7.0.I20110602-0100,"org.eclipse.ui.edit.copy",1320542481788
deactivated,workbench,org.eclipse.ui.workbench,3.7.0.I20110519-0100,"",1320542482272
activated,workbench,org.eclipse.ui.workbench,3.7.0.I20110519-0100,"",1320542487047
executed,command,org.eclipse.ui,3.7.0.I20110602-0100,"org.eclipse.ui.edit.paste",1320542487135
opened,editor,org.eclipse.jdt.ui,3.7.0.v20110531-1200,"org.eclipse.jdt.ui.CompilationUnitEditor",1320542489838
activated,editor,org.eclipse.jdt.ui,3.7.0.v20110531-1200,"org.eclipse.jdt.ui.CompilationUnitEditor",1320542489938
executed,command,org.eclipse.ui.workbench.texteditor,3.7.0.v20110505-0800,"org.eclipse.ui.edit.text.delete.line",1320542492618
executed,command,org.eclipse.ui.workbench.texteditor,3.7.0.v20110505-0800,"org.eclipse.ui.edit.text.delete.line",1320542492947
executed,command,org.eclipse.ui,3.7.0.I20110602-0100,"org.eclipse.ui.file.save",1320542493461
executed,command,org.eclipse.ui.workbench.texteditor,3.7.0.v20110505-0800,"org.eclipse.ui.edit.text.select.wordPrevious",1320542499107
executed,command,org.eclipse.ui.workbench.texteditor,3.7.0.v20110505-0800,"org.eclipse.ui.edit.text.goto.wordNext",1320542500542
executed,command,org.eclipse.ui.workbench.texteditor,3.7.0.v20110505-0800,"org.eclipse.ui.edit.text.select.wordPrevious",1320542500854
executed,command,org.eclipse.ui.workbench.texteditor,3.7.0.v20110505-0800,"org.eclipse.ui.edit.text.select.wordPrevious",1320542501387
started,bundle,org.eclipse.jdt.junit,3.7.0.v20110505-0800,"org.eclipse.jdt.junit",1320542503559
deactivated,workbench,org.eclipse.ui.workbench,3.7.0.I20110519-0100,"",1320542509977
activated,workbench,org.eclipse.ui.workbench,3.7.0.I20110519-0100,"",1320542514268
executed,command,org.eclipse.ui.workbench.texteditor,3.7.0.v20110505-0800,"org.eclipse.ui.edit.text.delete.line",1320542517162
executed,command,org.eclipse.ui.workbench.texteditor,3.7.0.v20110505-0800,"org.eclipse.ui.edit.text.delete.line",1320542517528
executed,command,org.eclipse.ui,3.7.0.I20110602-0100,"org.eclipse.ui.file.save",1320542518205
executed,command,org.eclipse.jdt.ui,3.7.0.v20110531-1200,"org.eclipse.jdt.ui.edit.text.java.organize.imports",1320542522552
executed,command,org.eclipse.ui,3.7.0.I20110602-0100,"org.eclipse.ui.file.save",1320542523109
activated,view,org.eclipse.jdt.ui,3.7.0.v20110531-1200,"org.eclipse.jdt.ui.PackageExplorer",1320542527278
deactivated,workbench,org.eclipse.ui.workbench,3.7.0.I20110519-0100,"",1320542530693
activated,workbench,org.eclipse.ui.workbench,3.7.0.I20110519-0100,"",1320542535045
executed,command,org.eclipse.ui,3.7.0.I20110602-0100,"org.eclipse.ui.edit.rename",1320542535055
activated,editor,org.eclipse.jdt.ui,3.7.0.v20110531-1200,"org.eclipse.jdt.ui.CompilationUnitEditor",1320542536271
executed,command,org.eclipse.ui.workbench.texteditor,3.7.0.v20110505-0800,"org.eclipse.ui.edit.text.goto.wordPrevious",1320542537255
executed,command,org.eclipse.ui.workbench.texteditor,3.7.0.v20110505-0800,"org.eclipse.ui.edit.text.goto.wordPrevious",1320542537581
executed,command,org.eclipse.ui.workbench.texteditor,3.7.0.v20110505-0800,"org.eclipse.ui.edit.text.goto.wordNext",1320542547247
executed,command,org.eclipse.ui.workbench.texteditor,3.7.0.v20110505-0800,"org.eclipse.ui.edit.text.goto.wordNext",1320542547544
executed,command,org.eclipse.ui.workbench.texteditor,3.7.0.v20110505-0800,"org.eclipse.ui.edit.text.goto.wordNext",1320542548541
executed,command,org.eclipse.ui.workbench.texteditor,3.7.0.v20110505-0800,"org.eclipse.ui.edit.text.goto.wordPrevious",1320542558793
executed,command,org.eclipse.ui.workbench.texteditor,3.7.0.v20110505-0800,"org.eclipse.ui.edit.text.goto.wordPrevious",1320542559006
executed,command,org.eclipse.ui.workbench.texteditor,3.7.0.v20110505-0800,"org.eclipse.ui.edit.text.goto.wordPrevious",1320542559233
executed,command,org.eclipse.ui.workbench.texteditor,3.7.0.v20110505-0800,"org.eclipse.ui.edit.text.goto.wordPrevious",1320542559450
executed,command,org.eclipse.ui.workbench.texteditor,3.7.0.v20110505-0800,"org.eclipse.ui.edit.text.goto.wordPrevious",1320542559629
executed,command,org.eclipse.ui.workbench.texteditor,3.7.0.v20110505-0800,"org.eclipse.ui.edit.text.goto.wordPrevious",1320542559994
executed,command,org.eclipse.ui.workbench.texteditor,3.7.0.v20110505-0800,"org.eclipse.ui.edit.text.goto.wordNext",1320542561614
executed,command,org.eclipse.ui.workbench.texteditor,3.7.0.v20110505-0800,"org.eclipse.ui.edit.text.goto.wordNext",1320542561831
executed,command,org.eclipse.ui.workbench.texteditor,3.7.0.v20110505-0800,"org.eclipse.ui.edit.text.goto.wordNext",1320542562049
executed,command,org.eclipse.ui.workbench.texteditor,3.7.0.v20110505-0800,"org.eclipse.ui.edit.text.goto.wordNext",1320542562256
executed,command,org.eclipse.ui,3.7.0.I20110602-0100,"org.eclipse.ui.edit.delete",1320542564691
executed,command,org.eclipse.ui,3.7.0.I20110602-0100,"org.eclipse.ui.file.save",1320542565340
activated,view,org.eclipse.jdt.ui,3.7.0.v20110531-1200,"org.eclipse.jdt.ui.PackageExplorer",1320542567401
executed,command,org.eclipse.jdt.debug.ui,3.6.0.v20110512,"org.eclipse.jdt.debug.ui.localJavaShortcut.run",1320542575748
activated,editor,org.eclipse.jdt.ui,3.7.0.v20110531-1200,"org.eclipse.jdt.ui.CompilationUnitEditor",1320542578464
executed,command,org.eclipse.ui,3.7.0.I20110602-0100,"org.eclipse.ui.edit.copy",1320542581259
executed,command,org.eclipse.ui,3.7.0.I20110602-0100,"org.eclipse.ui.edit.paste",1320542584854
executed,command,org.eclipse.ui,3.7.0.I20110602-0100,"org.eclipse.ui.file.save",1320542608481
executed,command,org.eclipse.ui,3.7.0.I20110602-0100,"org.eclipse.ui.edit.copy",1320542620124
executed,command,org.eclipse.ui,3.7.0.I20110602-0100,"org.eclipse.ui.edit.paste",1320542623773
executed,command,org.eclipse.ui,3.7.0.I20110602-0100,"org.eclipse.ui.edit.paste",1320542627828
executed,command,org.eclipse.ui,3.7.0.I20110602-0100,"org.eclipse.ui.edit.paste",1320542629716
executed,command,org.eclipse.ui.workbench.texteditor,3.7.0.v20110505-0800,"org.eclipse.ui.edit.text.select.wordPrevious",1320542630814
executed,command,org.eclipse.ui.workbench.texteditor,3.7.0.v20110505-0800,"org.eclipse.ui.edit.text.select.wordPrevious",1320542631021
executed,command,org.eclipse.ui.workbench.texteditor,3.7.0.v20110505-0800,"org.eclipse.ui.edit.text.select.wordPrevious",1320542631179
executed,command,org.eclipse.ui.workbench.texteditor,3.7.0.v20110505-0800,"org.eclipse.ui.edit.text.select.wordPrevious",1320542631367
executed,command,org.eclipse.ui.workbench.texteditor,3.7.0.v20110505-0800,"org.eclipse.ui.edit.text.select.wordPrevious",1320542631525
executed,command,org.eclipse.ui.workbench.texteditor,3.7.0.v20110505-0800,"org.eclipse.ui.edit.text.select.wordPrevious",1320542631870
executed,command,org.eclipse.ui.workbench.texteditor,3.7.0.v20110505-0800,"org.eclipse.ui.edit.text.goto.wordPrevious",1320542632789
executed,command,org.eclipse.ui.workbench.texteditor,3.7.0.v20110505-0800,"org.eclipse.ui.edit.text.goto.wordPrevious",1320542632966
executed,command,org.eclipse.ui.workbench.texteditor,3.7.0.v20110505-0800,"org.eclipse.ui.edit.text.goto.wordNext",1320542633500
executed,command,org.eclipse.ui.workbench.texteditor,3.7.0.v20110505-0800,"org.eclipse.ui.edit.text.goto.wordNext",1320542633667
executed,command,org.eclipse.ui.workbench.texteditor,3.7.0.v20110505-0800,"org.eclipse.ui.edit.text.goto.wordPrevious",1320542634339
executed,command,org.eclipse.ui.workbench.texteditor,3.7.0.v20110505-0800,"org.eclipse.ui.edit.text.goto.wordPrevious",1320542634517
executed,command,org.eclipse.ui.workbench.texteditor,3.7.0.v20110505-0800,"org.eclipse.ui.edit.text.goto.wordPrevious",1320542634852
executed,command,org.eclipse.ui.workbench.texteditor,3.7.0.v20110505-0800,"org.eclipse.ui.edit.text.select.wordPrevious",1320542635306
executed,command,org.eclipse.ui.workbench.texteditor,3.7.0.v20110505-0800,"org.eclipse.ui.edit.text.select.wordPrevious",1320542642571
executed,command,org.eclipse.ui.workbench.texteditor,3.7.0.v20110505-0800,"org.eclipse.ui.edit.text.select.wordPrevious",1320542645666
executed,command,org.eclipse.ui,3.7.0.I20110602-0100,"org.eclipse.ui.file.save",1320542647437
activated,view,org.eclipse.jdt.ui,3.7.0.v20110531-1200,"org.eclipse.jdt.ui.PackageExplorer",1320542648525
executed,command,org.eclipse.jdt.debug.ui,3.6.0.v20110512,"org.eclipse.jdt.debug.ui.localJavaShortcut.run",1320542651928
activated,view,org.eclipse.ui.console,3.5.100.v20110511,"org.eclipse.ui.console.ConsoleView",1320542653702
activated,editor,org.eclipse.jdt.ui,3.7.0.v20110531-1200,"org.eclipse.jdt.ui.CompilationUnitEditor",1320542661303
executed,command,org.eclipse.ui.workbench.texteditor,3.7.0.v20110505-0800,"org.eclipse.ui.edit.text.goto.wordPrevious",1320542662903
executed,command,org.eclipse.ui.workbench.texteditor,3.7.0.v20110505-0800,"org.eclipse.ui.edit.text.goto.wordPrevious",1320542663268
executed,command,org.eclipse.ui.workbench.texteditor,3.7.0.v20110505-0800,"org.eclipse.ui.edit.text.select.wordNext",1320542663930
executed,command,org.eclipse.ui.workbench.texteditor,3.7.0.v20110505-0800,"org.eclipse.ui.edit.text.select.wordNext",1320542664127
executed,command,org.eclipse.ui.workbench.texteditor,3.7.0.v20110505-0800,"org.eclipse.ui.edit.text.select.wordNext",1320542664404
executed,command,org.eclipse.ui.workbench.texteditor,3.7.0.v20110505-0800,"org.eclipse.ui.edit.text.select.wordNext",1320542664582
executed,command,org.eclipse.ui,3.7.0.I20110602-0100,"org.eclipse.ui.edit.text.contentAssist.proposals",1320542666171
executed,command,org.eclipse.ui.workbench.texteditor,3.7.0.v20110505-0800,"org.eclipse.ui.edit.text.goto.wordNext",1320542670396
executed,command,org.eclipse.ui,3.7.0.I20110602-0100,"org.eclipse.ui.file.save",1320542672268
activated,view,org.eclipse.jdt.ui,3.7.0.v20110531-1200,"org.eclipse.jdt.ui.PackageExplorer",1320542673825
activated,editor,org.eclipse.jdt.ui,3.7.0.v20110531-1200,"org.eclipse.jdt.ui.CompilationUnitEditor",1320542674032
executed,command,org.eclipse.ui,3.7.0.I20110602-0100,"org.eclipse.ui.file.save",1320542675984
activated,view,org.eclipse.jdt.ui,3.7.0.v20110531-1200,"org.eclipse.jdt.ui.PackageExplorer",1320542677156
activated,editor,org.eclipse.jdt.ui,3.7.0.v20110531-1200,"org.eclipse.jdt.ui.CompilationUnitEditor",1320542677360
started,bundle,org.eclipse.wst.server.core,1.1.302.v20110518,"org.eclipse.wst.server.core",1320542678362
started,bundle,org.eclipse.wst.server.ui,1.1.305.v20110511,"org.eclipse.wst.server.ui",1320542678397
activated,view,org.eclipse.ui.console,3.5.100.v20110511,"org.eclipse.ui.console.ConsoleView",1320542680891
activated,editor,org.eclipse.jdt.ui,3.7.0.v20110531-1200,"org.eclipse.jdt.ui.CompilationUnitEditor",1320542692484
activated,view,org.eclipse.ui.console,3.5.100.v20110511,"org.eclipse.ui.console.ConsoleView",1320542695866
activated,editor,org.eclipse.jdt.ui,3.7.0.v20110531-1200,"org.eclipse.jdt.ui.CompilationUnitEditor",1320542700023
activated,editor,org.eclipse.jdt.ui,3.7.0.v20110531-1200,"org.eclipse.jdt.ui.CompilationUnitEditor",1320542701346
executed,command,org.eclipse.jdt.ui,3.7.0.v20110531-1200,"org.eclipse.jdt.ui.edit.text.java.open.editor",1320542701348
activated,editor,org.eclipse.jdt.ui,3.7.0.v20110531-1200,"org.eclipse.jdt.ui.CompilationUnitEditor",1320542710277
activated,editor,org.eclipse.jdt.ui,3.7.0.v20110531-1200,"org.eclipse.jdt.ui.CompilationUnitEditor",1320542719153
executed,command,org.eclipse.jdt.ui,3.7.0.v20110531-1200,"org.eclipse.jdt.ui.edit.text.java.open.editor",1320542719154
activated,view,org.eclipse.jdt.ui,3.7.0.v20110531-1200,"org.eclipse.jdt.ui.PackageExplorer",1320542721869
activated,editor,org.eclipse.jdt.ui,3.7.0.v20110531-1200,"org.eclipse.jdt.ui.CompilationUnitEditor",1320542722241
activated,editor,org.eclipse.jdt.ui,3.7.0.v20110531-1200,"org.eclipse.jdt.ui.CompilationUnitEditor",1320542735230
activated,editor,org.eclipse.jdt.ui,3.7.0.v20110531-1200,"org.eclipse.jdt.ui.CompilationUnitEditor",1320542736063
executed,command,org.eclipse.ui,3.7.0.I20110602-0100,"org.eclipse.ui.edit.cut",1320542738817
executed,command,org.eclipse.ui.workbench.texteditor,3.7.0.v20110505-0800,"org.eclipse.ui.edit.text.delete.line",1320542739114
executed,command,org.eclipse.ui,3.7.0.I20110602-0100,"org.eclipse.ui.edit.paste",1320542741052
executed,command,org.eclipse.ui,3.7.0.I20110602-0100,"org.eclipse.ui.edit.cut",1320542745369
executed,command,org.eclipse.ui,3.7.0.I20110602-0100,"org.eclipse.ui.edit.delete",1320542746058
executed,command,org.eclipse.ui,3.7.0.I20110602-0100,"org.eclipse.ui.edit.paste",1320542747765
executed,command,org.eclipse.ui,3.7.0.I20110602-0100,"org.eclipse.ui.file.save",1320542749070
started,bundle,org.eclipse.wst.web,1.1.500.v201104251400,"org.eclipse.wst.web",1320542749327
started,bundle,org.eclipse.wst.common.frameworks,1.2.100.v201105122000,"org.eclipse.wst.common.frameworks",1320542749405
started,bundle,org.eclipse.emf.common,2.7.0.v20110605-0747,"org.eclipse.emf.common",1320542749442
started,bundle,org.eclipse.emf.ecore,2.7.0.v20110605-0747,"org.eclipse.emf.ecore",1320542749513
started,bundle,org.eclipse.wst.common.emf,1.2.100.v201101101900,"org.eclipse.wst.common.emf",1320542749521
started,bundle,org.eclipse.jem.util,2.1.100.v201103021400,"org.eclipse.jem.util",1320542749561
started,bundle,org.eclipse.emf.ecore.xmi,2.7.0.v20110520-1406,"org.eclipse.emf.ecore.xmi",1320542749582
started,bundle,org.eclipse.wst.common.emfworkbench.integration,1.2.100.v201011172300,"org.eclipse.wst.common.emfworkbench.integration",1320542749585
started,bundle,org.eclipse.wst.common.project.facet.core,1.4.200.v201103170332,"org.eclipse.wst.common.project.facet.core",1320542749605
started,bundle,org.eclipse.wst.common.core,1.2.0.v200908252030,"org.eclipse.wst.common.core",1320542749729
started,bundle,org.eclipse.wst.common.modulecore,1.2.100.v201105191800,"org.eclipse.wst.common.modulecore",1320542749734
started,bundle,org.eclipse.jst.common.project.facet.core,1.4.200.v201103170302,"org.eclipse.jst.common.project.facet.core",1320542749856
